{
    "avg": {
        "ccn": 2.89,
        "bugs": 0.05,
        "kanDefect": 0.37,
        "relativeSystemComplexity": 37.24,
        "relativeDataComplexity": 1.86,
        "relativeStructuralComplexity": 35.38,
        "volume": 164.61,
        "commentWeight": 37.09,
        "intelligentContent": 50.06,
        "lcom": 1.88,
        "instability": 0.8,
        "afferentCoupling": 0.5,
        "efferentCoupling": 2.13,
        "difficulty": 2.61,
        "mi": 94.26
    },
    "sum": {
        "loc": 378,
        "cloc": 154,
        "lloc": 224,
        "nbMethods": 24,
        "nbClasses": 8,
        "nbInterfaces": 0,
        "violations": {
            "total": 0,
            "information": 0,
            "warning": 0,
            "error": 0,
            "critical": 0
        }
    }
}